{"cameraMode":{"drawMode":0,"name":"Shaded","section":"Shading Mode"},"sceneLighting":true,"audioPlay":false,"sceneViewState":{"m_AlwaysRefresh":false,"showFog":true,"showSkybox":true,"showFlares":true,"showImageEffects":true,"showParticleSystems":true,"showVisualEffectGraphs":true,"m_FxEnabled":true},"in2DMode":false,"pivot":{"x":-3.060316801071167,"y":2.611917018890381,"z":2.99737548828125},"rotation":{"x":0.04059506952762604,"y":0.16085533797740937,"z":-0.006352720316499472,"w":0.9862087965011597},"size":3.6226110458374025,"orthographic":false}