{"cameraMode":{"drawMode":0,"name":"Shaded","section":"Shading Mode"},"sceneLighting":false,"audioPlay":false,"sceneViewState":{"m_AlwaysRefresh":false,"showFog":true,"showSkybox":false,"showFlares":true,"showImageEffects":true,"showParticleSystems":true,"showVisualEffectGraphs":true,"m_FxEnabled":true},"in2DMode":false,"pivot":{"x":-0.12999999523162843,"y":3.2431585788726808,"z":-0.9739594459533691},"rotation":{"x":-0.04315795749425888,"y":-0.04586469754576683,"z":0.0018649892881512642,"w":-0.9980757832527161},"size":1.0495541095733643,"orthographic":false}