{"cameraMode":{"drawMode":0,"name":"Shaded","section":"Shading Mode"},"sceneLighting":true,"audioPlay":false,"sceneViewState":{"m_AlwaysRefresh":false,"showFog":true,"showSkybox":true,"showFlares":true,"showImageEffects":true,"showParticleSystems":true,"showVisualEffectGraphs":true,"m_FxEnabled":true},"in2DMode":false,"pivot":{"x":20.45439338684082,"y":20.353389739990236,"z":269.1027526855469},"rotation":{"x":0.02876278944313526,"y":-0.03688879311084747,"z":-0.001238142722286284,"w":-0.998970091342926},"size":137.34205627441407,"orthographic":false}