{"cameraMode":{"drawMode":0,"name":"Shaded","section":"Shading Mode"},"sceneLighting":false,"audioPlay":false,"sceneViewState":{"m_AlwaysRefresh":false,"showFog":true,"showSkybox":false,"showFlares":true,"showImageEffects":true,"showParticleSystems":true,"showVisualEffectGraphs":true,"m_FxEnabled":true},"in2DMode":false,"pivot":{"x":3.1744396686553957,"y":2.2142183780670168,"z":-5.721837043762207},"rotation":{"x":-0.07539599388837815,"y":-0.16437819600105287,"z":0.012614640407264233,"w":-0.9835574626922607},"size":0.8660253882408142,"orthographic":false}