{"cameraMode":{"drawMode":0,"name":"Shaded","section":"Shading Mode"},"sceneLighting":false,"audioPlay":false,"sceneViewState":{"m_AlwaysRefresh":false,"showFog":true,"showSkybox":false,"showFlares":true,"showImageEffects":true,"showParticleSystems":true,"showVisualEffectGraphs":true,"m_FxEnabled":true},"in2DMode":false,"pivot":{"x":0.2799999713897705,"y":0.1499999761581421,"z":201.10000610351563},"rotation":{"x":0.02576441504061222,"y":-0.966363787651062,"z":0.2325057089328766,"w":0.10711729526519776},"size":1.7320507764816285,"orthographic":false}